{"cameraMode":{"drawMode":0,"name":"Shaded","section":"Shading Mode"},"sceneLighting":true,"audioPlay":false,"sceneViewState":{"showFog":true,"showMaterialUpdate":false,"showSkybox":true,"showFlares":true,"showImageEffects":true,"showParticleSystems":true},"in2DMode":false,"pivot":{"x":3.890709161758423,"y":-0.5820958614349365,"z":3.457519054412842},"rotation":{"x":0.05848850682377815,"y":0.22007359564304353,"z":0.013220255263149739,"w":-0.9736389517784119},"size":14.399709701538086,"orthographic":false}